{
    "recall@5": 0.02070564850091105,
    "ndcg@5": 0.012795096424456283,
    "precision@5": 0.004141129700182209,
    "recall@10": 0.04108000662580752,
    "ndcg@10": 0.01924824668371893,
    "precision@10": 0.004108000662580752,
    "recall@20": 0.07304952791121418,
    "ndcg@20": 0.027225461298933874,
    "precision@20": 0.0036524763955607096
}